Accession,class,order,PlottingClade,latin,common,taxid,Number of Genes
GCA_017654505.1,Actinopteri,Acipenseriformes,Actinopteri,Polyodon_spathula,Mississippi_paddlefish,7913,8
GCA_902713425.2,Actinopteri,Acipenseriformes,Actinopteri,Acipenser_ruthenus,sterlet,7906,12
GCA_004023545.1,Actinopteri,Acropomatiformes,Actinopteri,Lateolabrax_maculatus,spotted_sea_bass,315492,2
GCA_022829145.1,Actinopteri,Albuliformes,Actinopteri,Albula_goreensis,bony_fishes,1534307,4
GCA_017591415.1,Actinopteri,Amiiformes,Actinopteri,Amia_calva,bowfin,7924,1
GCA_900324465.3,Actinopteri,Anabantiformes,Actinopteri,Anabas_testudineus,climbing_perch,64144,1
GCA_900634795.4,Actinopteri,Anabantiformes,Actinopteri,Betta_splendens,Siamese_fighting_fish,158456,1
GCA_013347855.1,Actinopteri,Anguilliformes,Actinopteri,Anguilla_anguilla,European_eel,7936,4
GCA_018555375.2,Actinopteri,Anguilliformes,Actinopteri,Anguilla_rostrata,American_eel,7938,3
GCA_022702415.1,Actinopteri,Anguilliformes,Actinopteri,Ilyophis_sp._JC_2022_1,bony_fishes,2919650,4
GCA_022702515.1,Actinopteri,Anguilliformes,Actinopteri,Ilyophis_sp._1_JC-2022,bony_fishes,2920201,4
GCA_022702525.1,Actinopteri,Anguilliformes,Actinopteri,Ilyophis_sp._2_JC-2022,bony_fishes,2920202,4
GCA_025169545.1,Actinopteri,Anguilliformes,Actinopteri,Anguilla_japonica,Japanese_eel,7937,4
GCA_029692045.1,Actinopteri,Anguilliformes,Actinopteri,Conger_conger,European_conger,82655,2
GCA_029692085.1,Actinopteri,Anguilliformes,Actinopteri,Gymnothorax_javanicus,giant_moray,473457,1
GCA_029718625.1,Actinopteri,Anguilliformes,Actinopteri,Synaphobranchus_kaupii,Kaup's_arrowtooth_eel,118154,0
GCA_029721435.1,Actinopteri,Anguilliformes,Actinopteri,Gymnothorax_reevesii,Reeve's_moray,473459,0
GCA_017639745.1,Actinopteri,Atheriniformes,Actinopteri,Melanotaenia_boesemani,Boesemans_rainbowfish,1250792,2
GCA_026261665.1,Actinopteri,Atheriniformes,Actinopteri,Melanotaenia_duboulayi,Duboulay's_rainbowfish,120843,0
GCA_027942865.1,Actinopteri,Atheriniformes,Actinopteri,Odontesthes_bonariensis,pejerrey,219752,2
GCA_902685375.1,Actinopteri,Atheriniformes,Actinopteri,Neostethus_bicornis,bony_fishes,300306,7
GCA_933228915.1,Actinopteri,Atheriniformes,Actinopteri,Telmatherina_bonti,bony_fishes,446457,3
GCA_902500255.1,Actinopteri,Batrachoidiformes,Actinopteri,Thalassophryne_amazonica,bony_fishes,390379,4
GCA_002234675.1,Actinopteri,Beloniformes,Actinopteri,Oryzias_latipes,Japanese_medaka,8090,1
GCA_002922805.2,Actinopteri,Beloniformes,Actinopteri,Oryzias_melastigma,Indian_medaka,30732,1
GCA_003999625.1,Actinopteri,Beloniformes,Actinopteri,Oryzias_javanicus,javanese_ricefish,123683,1
GCA_014839995.1,Actinopteri,Beloniformes,Actinopteri,Xenentodon_cancila,freshwater_garfish,129108,0
GCA_023969325.1,Actinopteri,Beloniformes,Actinopteri,Oryzias_curvinotus,bony_fishes,104658,1
GCA_900634775.2,Actinopteri,Blenniiformes,Actinopteri,Gouania_willdenowi,blunt-snouted_clingfish,441366,5
GCA_902148845.1,Actinopteri,Blenniiformes,Actinopteri,Salarias_fasciatus,jewelled_blenny,181472,2
GCA_021018895.1,Actinopteri,Carangiformes,Actinopteri,Seriola_aureovittata,bony_fishes,2871759,2
GCA_900963305.2,Actinopteri,Carangiformes,Actinopteri,Echeneis_naucrates,live_sharksucker,173247,1
GCA_905171665.2,Actinopteri,Carangiformes,Actinopteri,Trachurus_trachurus,Atlantic_horse_mackerel,36212,2
GCA_011952075.1,Actinopteri,Centrarchiformes,Actinopteri,Siniperca_knerii,big-eye_mandarin_fish,214812,1
GCA_011952105.1,Actinopteri,Centrarchiformes,Actinopteri,Coreoperca_whiteheadi,bony_fishes,228250,1
GCA_019677235.1,Actinopteri,Centrarchiformes,Actinopteri,Micropterus_salmoides,largemouth_bass,27706,1
GCA_020085105.1,Actinopteri,Centrarchiformes,Actinopteri,Siniperca_chuatsi,mandarin_fish,119488,1
GCA_021292245.1,Actinopteri,Centrarchiformes,Actinopteri,Micropterus_dolomieu,smallmouth_bass,147949,1
GCA_023238725.1,Actinopteri,Centrarchiformes,Actinopteri,Scortum_barcoo,barcoo_grunter,214431,4
GCA_027580175.1,Actinopteri,Centrarchiformes,Actinopteri,Siniperca_scherzeri,leopard_mandarin_fish,228252,1
GCA_017976325.1,Actinopteri,Chaetodontiformes,Actinopteri,Chelmon_rostratus,copperband_butterflyfish,109905,3
GCA_029224185.1,Actinopteri,Chaetodontiformes,Actinopteri,Karalla_daura,goldstripe_ponyfish,334402,1
GCA_015220715.1,Actinopteri,Characiformes,Actinopteri,Pygocentrus_nattereri,red-bellied_piranha,42514,14
GCA_017165825.1,Actinopteri,Characiformes,Actinopteri,Hepsetus_odoe,African_pike_characin,42563,6
GCA_021613375.1,Actinopteri,Characiformes,Actinopteri,Megaleporinus_macrocephalus,bony_fishes,327003,11
GCA_023375975.1,Actinopteri,Characiformes,Actinopteri,Astyanax_mexicanus,Mexican_tetra,7994,18
GCA_029633875.1,Actinopteri,Characiformes,Actinopteri,Hoplias_malabaricus,trahira,27720,4
GCA_000238955.5,Actinopteri,Cichliformes,Actinopteri,Maylandia_zebra,zebra_mbuna,106582,1
GCA_001858045.3,Actinopteri,Cichliformes,Actinopteri,Oreochromis_niloticus,Nile_tilapia,8128,1
GCA_007364275.2,Actinopteri,Cichliformes,Actinopteri,Archocentrus_centrarchus,flier_cichlid,63155,1
GCA_013358895.1,Actinopteri,Cichliformes,Actinopteri,Oreochromis_aureus,blue_tilapia,47969,1
GCA_013435755.1,Actinopteri,Cichliformes,Actinopteri,Amphilophus_citrinellus,Midas_cichlid,61819,1
GCA_020510985.1,Actinopteri,Cichliformes,Actinopteri,Pholidichthys_leucotaenia,bony_fishes,390368,2
GCA_900246225.5,Actinopteri,Cichliformes,Actinopteri,Astatotilapia_calliptera,eastern_happy,8154,1
GCA_017589495.2,Actinopteri,Clupeiformes,Actinopteri,Alosa_alosa,allis_shad,278164,3
GCA_018492685.1,Actinopteri,Clupeiformes,Actinopteri,Alosa_sapidissima,American_shad,34773,3
GCA_027475355.1,Actinopteri,Clupeiformes,Actinopteri,Coilia_nasus,Japanese_grenadier_anchovy,365059,3
GCA_900700375.2,Actinopteri,Clupeiformes,Actinopteri,Denticeps_clupeoides,denticle_herring,299321,9
GCA_900700415.2,Actinopteri,Clupeiformes,Actinopteri,Clupea_harengus,Atlantic_herring,7950,4
GCA_003368295.1,Actinopteri,Cypriniformes,Actinopteri,Carassius_auratus,goldfish,7957,10
GCA_008369825.1,Actinopteri,Cypriniformes,Actinopteri,Triplophysa_tibetana,bony_fishes,1572043,7
GCA_012432095.1,Actinopteri,Cypriniformes,Actinopteri,Onychostoma_macrolepis,bony_fishes,369639,4
GCA_015846415.1,Actinopteri,Cypriniformes,Actinopteri,Triplophysa_dalaica,bony_fishes,1582913,5
GCA_018340385.1,Actinopteri,Cypriniformes,Actinopteri,Cyprinus_carpio,common_carp,7962,7
GCA_018749465.1,Actinopteri,Cypriniformes,Actinopteri,Paracanthobrama_guichenoti,bony_fishes,291819,3
GCA_018812025.1,Actinopteri,Cypriniformes,Actinopteri,Megalobrama_amblycephala,Wuchang_bream,75352,3
GCA_018831695.1,Actinopteri,Cypriniformes,Actinopteri,Puntigrus_tetrazona,Sumatra_barb,1606681,3
GCA_019155185.1,Actinopteri,Cypriniformes,Actinopteri,Beaufortia_kweichowensis,bony_fishes,241442,2
GCA_019703515.2,Actinopteri,Cypriniformes,Actinopteri,Myxocyprinus_asiaticus,Chinese_sucker,70543,9
GCA_019924925.1,Actinopteri,Cypriniformes,Actinopteri,Ctenopharyngodon_idella,grass_carp,7959,3
GCA_019925145.1,Actinopteri,Cypriniformes,Actinopteri,Hypophthalmichthys_nobilis,bighead_carp,7965,0
GCA_020184715.1,Actinopteri,Cypriniformes,Actinopteri,Danio_rerio,zebrafish,7955,7
GCA_021554675.1,Actinopteri,Cypriniformes,Actinopteri,Leuciscus_idus,ide,69811,3
GCA_022817975.1,Actinopteri,Cypriniformes,Actinopteri,Hypophthalmichthys_molitrix,silver_carp,13095,3
GCA_022828995.1,Actinopteri,Cypriniformes,Actinopteri,Vimba_vimba,vimba_bream,155067,3
GCA_022829025.1,Actinopteri,Cypriniformes,Actinopteri,Squalius_cephalus,European_chub,8284,3
GCA_022829085.1,Actinopteri,Cypriniformes,Actinopteri,Abramis_brama,common_bream,38527,3
GCA_022985175.1,Actinopteri,Cypriniformes,Actinopteri,Labeo_rohita,rohu,84645,4
GCA_023029165.1,Actinopteri,Cypriniformes,Actinopteri,Gobiocypris_rarus,bony_fishes,143606,3
GCA_023376895.1,Actinopteri,Cypriniformes,Actinopteri,Aspiorhynchus_laticeps,big-head_schizothoracin,748366,5
GCA_023566225.1,Actinopteri,Cypriniformes,Actinopteri,Romanogobio_albipinnatus,white-finned_gudgeon,260767,3
GCA_023718395.1,Actinopteri,Cypriniformes,Actinopteri,Leucaspius_delineatus,sunbleak,58323,3
GCA_023724105.1,Actinopteri,Cypriniformes,Actinopteri,Carassius_gibelio,silver_crucian_carp,101364,6
GCA_024453875.1,Actinopteri,Cypriniformes,Actinopteri,Scardinius_erythrophthalmus,rudd,58319,3
GCA_024489055.1,Actinopteri,Cypriniformes,Actinopteri,Chanodichthys_erythropterus,predatory_carp,933992,3
GCA_024679245.1,Actinopteri,Cypriniformes,Actinopteri,Pseudorasbora_parva,stone_moroko,51549,3
GCA_024868665.1,Actinopteri,Cypriniformes,Actinopteri,Triplophysa_rosa,bony_fishes,992332,3
GCA_025860055.1,Actinopteri,Cypriniformes,Actinopteri,Xyrauchen_texanus,razorback_sucker,154827,10
GCA_027422405.1,Actinopteri,Cypriniformes,Actinopteri,Ptychobarbus_kaznakovi,bony_fishes,263525,4
GCA_027422415.1,Actinopteri,Cypriniformes,Actinopteri,Schizothorax_lantsangensis,bony_fishes,343527,4
GCA_027422435.1,Actinopteri,Cypriniformes,Actinopteri,Schizopygopsis_pylzovi,bony_fishes,263523,4
GCA_027474115.1,Actinopteri,Cypriniformes,Actinopteri,Schizopygopsis_malacanthus,bony_fishes,361645,4
GCA_027564155.1,Actinopteri,Cypriniformes,Actinopteri,Gymnocypris_eckloni,Yellow_River_scaleless_carp,334712,4
GCA_027580225.1,Actinopteri,Cypriniformes,Actinopteri,Misgurnus_anguillicaudatus,oriental_weatherfish,75329,5
GCA_028031935.1,Actinopteri,Cypriniformes,Actinopteri,Paedocypris_micromegethes,bony_fishes,1093616,3
GCA_029620275.1,Actinopteri,Cypriniformes,Actinopteri,Acrossocheilus_wenchowensis,bony_fishes,1279364,4
GCA_029783895.1,Actinopteri,Cypriniformes,Actinopteri,Triplophysa_bombifrons,bony_fishes,1652672,5
GCA_903798145.1,Actinopteri,Cypriniformes,Actinopteri,Danio_aesculapii,bony_fishes,1142201,8
GCA_903798195.1,Actinopteri,Cypriniformes,Actinopteri,Danio_kyathit,bony_fishes,242068,8
GCA_936440315.1,Actinopteri,Cypriniformes,Actinopteri,Barbus_barbus,barbel,40830,6
GCA_947034865.1,Actinopteri,Cypriniformes,Actinopteri,Barbatula_barbatula,stone_loach,135647,4
GCA_949152265.1,Actinopteri,Cypriniformes,Actinopteri,Phoxinus_phoxinus,Eurasian_minnow,58324,3
GCA_949357685.1,Actinopteri,Cypriniformes,Actinopteri,Gobio_gobio,gudgeon,27704,3
GCA_000633615.2,Actinopteri,Cyprinodontiformes,Actinopteri,Poecilia_reticulata,guppy,8081,2
GCA_001444195.3,Actinopteri,Cyprinodontiformes,Actinopteri,Xiphophorus_couchianus,Monterrey_platyfish,32473,1
GCA_001465895.2,Actinopteri,Cyprinodontiformes,Actinopteri,Nothobranchius_furzeri,turquoise_killifish,105023,1
GCA_001649575.2,Actinopteri,Cyprinodontiformes,Actinopteri,Kryptolebias_marmoratus,mangrove_rivulus,37003,2
GCA_002775205.2,Actinopteri,Cyprinodontiformes,Actinopteri,Xiphophorus_maculatus,southern_platyfish,8083,1
GCA_003331165.2,Actinopteri,Cyprinodontiformes,Actinopteri,Xiphophorus_hellerii,green_swordtail,8084,1
GCA_007896545.1,Actinopteri,Cyprinodontiformes,Actinopteri,Kryptolebias_hermaphroditus,bony_fishes,1747188,2
GCA_011125445.2,Actinopteri,Cyprinodontiformes,Actinopteri,Fundulus_heteroclitus,mummichog,8078,2
GCA_013036085.2,Actinopteri,Cyprinodontiformes,Actinopteri,Poecilia_formosa,Amazon_molly,48698,1
GCA_014839685.1,Actinopteri,Cyprinodontiformes,Actinopteri,Anableps_anableps,largescale_foureyes,195821,2
GCA_014905685.2,Actinopteri,Cyprinodontiformes,Actinopteri,Nematolebias_whitei,Rio_pearlfish,451745,2
GCA_019740435.1,Actinopteri,Cyprinodontiformes,Actinopteri,Gambusia_affinis,western_mosquitofish,33528,1
GCA_021462225.2,Actinopteri,Cyprinodontiformes,Actinopteri,Girardinichthys_multiradiatus,bony_fishes,208333,1
GCA_013368585.1,Actinopteri,Elopiformes,Actinopteri,Megalops_cyprinoides,Indo-Pacific_tarpon,118141,3
GCA_019176425.1,Actinopteri,Elopiformes,Actinopteri,Megalops_atlanticus,tarpon,7932,5
GCA_000721915.3,Actinopteri,Esociformes,Actinopteri,Esox_lucius,northern_pike,8010,5
GCA_029465975.1,Actinopteri,Esociformes,Actinopteri,Dallia_pectoralis,Alaska_blackfish,75939,4
GCA_026213295.1,Actinopteri,Gadiformes,Actinopteri,Gadus_chalcogrammus,walleye_pollock,1042646,0
GCA_027704905.1,Actinopteri,Gadiformes,Actinopteri,Muraenolepis_orangiensis,Patagonian_moray_cod,630683,2
GCA_902167405.1,Actinopteri,Gadiformes,Actinopteri,Gadus_morhua,Atlantic_cod,8049,2
GCA_949987615.1,Actinopteri,Gadiformes,Actinopteri,Pollachius_pollachius,pollack,185739,4
GCA_017639675.1,Actinopteri,Galaxiiformes,Actinopteri,Aplochiton_taeniatus,bony_fishes,946358,7
GCA_009829125.3,Actinopteri,Gobiiformes,Actinopteri,Periophthalmus_magnuspinnatus,bony_fishes,409849,3
GCA_016735935.1,Actinopteri,Gobiiformes,Actinopteri,Mugilogobius_chulae,yellowstripe_goby,88201,1
GCA_019453435.1,Actinopteri,Gobiiformes,Actinopteri,Rhinogobius_similis,barecheek_goby,1263952,1
GCA_020698575.1,Actinopteri,Gobiiformes,Actinopteri,Bostrychus_sinensis,four-eyed_sleeper,86224,3
GCA_021464625.1,Actinopteri,Gobiiformes,Actinopteri,Proterorhinus_semilunaris,tubenose_goby,322563,1
GCA_024416835.2,Actinopteri,Gobiiformes,Actinopteri,Perccottus_glenii,Chinese_sleeper,284583,0
GCA_029959045.1,Actinopteri,Gobiiformes,Actinopteri,Taenioides_sp._WSHXM2023,bony_fishes,3041818,1
GCA_902362185.1,Actinopteri,Gonorynchiformes,Actinopteri,Chanos_chanos,milkfish,29144,7
GCA_013358815.1,Actinopteri,Gymnotiformes,Actinopteri,Electrophorus_electricus,electric_eel,8005,0
GCA_902150065.1,Actinopteri,Holocentriformes,Actinopteri,Myripristis_murdjan,pinecone_soldierfish,586833,3
GCA_016859285.1,Actinopteri,Istiophoriformes,Actinopteri,Xiphias_gladius,swordfish,8245,3
GCA_016859345.1,Actinopteri,Istiophoriformes,Actinopteri,Istiophorus_platypterus,Indo-Pacific_sailfish,13575,2
GCA_020466265.1,Actinopteri,Kurtiformes,Actinopteri,Siphamia_tubifer,tuber_cardinalfish,1536898,4
GCA_902148855.1,Actinopteri,Kurtiformes,Actinopteri,Sphaeramia_orbicularis,orbiculate_cardinalfish,375764,5
GCA_009762535.1,Actinopteri,Labriformes,Actinopteri,Notolabrus_celidotus,New_Zealand_spotty,1203425,4
GCA_018320785.1,Actinopteri,Labriformes,Actinopteri,Cheilinus_undulatus,humphead_wrasse,241271,3
GCA_020745685.1,Actinopteri,Labriformes,Actinopteri,Tautogolabrus_adspersus,cunner,34787,4
GCA_947650265.1,Actinopteri,Labriformes,Actinopteri,Symphodus_melops,corkwing_wrasse,171736,4
GCA_029633865.1,Actinopteri,Lampriformes,Actinopteri,Lampris_incognitus,smalleye_Pacific_opah,2546036,1
GCA_013358685.1,Actinopteri,Lophiiformes,Actinopteri,Antennarius_maculatus,warty_frogfish,882753,2
GCA_020091685.1,Actinopteri,Lutjaniformes,Actinopteri,Lutjanus_erythropterus,crimson_snapper,211835,4
GCA_022458985.1,Actinopteri,Mugiliformes,Actinopteri,Mugil_cephalus,flathead_mullet,48193,0
GCA_951216825.1,Actinopteri,Myctophiformes,Actinopteri,Electrona_antarctica,bony_fishes,206093,0
GCA_000972845.2,Actinopteri,NA,Actinopteri,Larimichthys_crocea,large_yellow_croaker,215358,4
GCA_001640805.2,Actinopteri,NA,Actinopteri,Lates_calcarifer,barramundi_perch,8187,2
GCA_003047355.2,Actinopteri,NA,Actinopteri,Amphiprion_percula,orange_clownfish,161767,4
GCA_004119915.2,Actinopteri,NA,Actinopteri,Collichthys_lucidus,big_head_croaker,240159,7
GCA_014183145.1,Actinopteri,NA,Actinopteri,Sciaenops_ocellatus,red_drum,76340,4
GCA_014281875.1,Actinopteri,NA,Actinopteri,Nibea_albiflora,white_flower_croaker,240163,3
GCA_016801845.1,Actinopteri,NA,Actinopteri,Polydactylus_sextarius,blackspot_threadfin,435218,4
GCA_016801885.1,Actinopteri,NA,Actinopteri,Toxotes_chatareus,largescale_archerfish,270537,4
GCA_017976425.1,Actinopteri,NA,Actinopteri,Toxotes_jaculatrix,banded_archerfish,941984,4
GCA_020382885.1,Actinopteri,NA,Actinopteri,Scatophagus_argus,bony_fishes,75038,3
GCA_021347895.1,Actinopteri,NA,Actinopteri,Acanthochromis_polyacanthus,spiny_chromis,80966,4
GCA_022539595.1,Actinopteri,NA,Actinopteri,Amphiprion_ocellaris,clown_anemonefish,80972,6
GCA_023373845.1,Actinopteri,NA,Actinopteri,Nibea_coibor,bony_fishes,396775,4
GCA_024666655.1,Actinopteri,NA,Actinopteri,Dascyllus_trimaculatus,three_spot_damselfish,50790,6
GCA_027123335.1,Actinopteri,NA,Actinopteri,Amphiprion_clarkii,yellowtail_clownfish,80970,6
GCA_028641955.1,Actinopteri,NA,Actinopteri,Protonibea_diacanthus,bony_fishes,335060,3
GCA_900634625.2,Actinopteri,NA,Actinopteri,Parambassis_ranga,Indian_glassy_fish,210632,2
GCA_946959425.1,Actinopteri,NA,Actinopteri,Argyrosomus_regius,meagre,172269,3
GCA_021917145.1,Actinopteri,Osmeriformes,Actinopteri,Hypomesus_transpacificus,delta_smelt,137520,6
GCA_023658055.1,Actinopteri,Osmeriformes,Actinopteri,Thaleichthys_pacificus,eulachon,240832,4
GCA_018136845.1,Actinopteri,Osteoglossiformes,Actinopteri,Heterotis_niloticus,African_bonytongue,91721,6
GCA_023856365.1,Actinopteri,Osteoglossiformes,Actinopteri,Brienomyrus_brachyistius,bony_fishes,42636,2
GCA_900964775.1,Actinopteri,Osteoglossiformes,Actinopteri,Scleropages_formosus,Asian_bonytongue,113540,15
GCA_004354835.1,Actinopteri,Perciformes,Actinopteri,Perca_flavescens,yellow_perch,8167,1
GCA_005281545.1,Actinopteri,Perciformes,Actinopteri,Epinephelus_lanceolatus,giant_grouper,310571,2
GCA_006386435.1,Actinopteri,Perciformes,Actinopteri,Epinephelus_moara,kelp_grouper,300413,2
GCA_008315115.2,Actinopteri,Perciformes,Actinopteri,Sander_lucioperca,pikeperch,283035,2
GCA_008692095.1,Actinopteri,Perciformes,Actinopteri,Etheostoma_spectabile,orangethroat_darter,54343,1
GCA_008729295.2,Actinopteri,Perciformes,Actinopteri,Plectropomus_leopardus,leopard_coralgrouper,160734,4
GCA_009769545.1,Actinopteri,Perciformes,Actinopteri,Cyclopterus_lumpus,lumpfish,8103,2
GCA_011397635.1,Actinopteri,Perciformes,Actinopteri,Epinephelus_fuscoguttatus,brown-marbled_grouper,293821,4
GCA_013103735.1,Actinopteri,Perciformes,Actinopteri,Etheostoma_cragini,Arkansas_darter,417921,1
GCA_013133815.1,Actinopteri,Perciformes,Actinopteri,Cromileptes_altivelis,humpback_grouper,304459,4
GCA_014132575.2,Actinopteri,Perciformes,Actinopteri,Gasterosteus_nipponicus,bony_fishes,1778380,2
GCA_014673565.1,Actinopteri,Perciformes,Actinopteri,Sebastes_schlegelii,Schlegels_black_rockfish,214486,3
GCA_015220745.1,Actinopteri,Perciformes,Actinopteri,Sebastes_umbrosus,honeycomb_rockfish,72105,3
GCA_016920845.1,Actinopteri,Perciformes,Actinopteri,Gasterosteus_aculeatus,three-spined_stickleback,481459,3
GCA_021346845.1,Actinopteri,Perciformes,Actinopteri,Apeltes_quadracus,fourspine_stickleback,240154,5
GCA_023566125.1,Actinopteri,Perciformes,Actinopteri,Zingel_zingel,zingel,210855,1
GCA_023566465.1,Actinopteri,Perciformes,Actinopteri,Cottus_gobio,bullhead,100952,2
GCA_023631565.1,Actinopteri,Perciformes,Actinopteri,Gymnocephalus_cernua,ruffe,57865,2
GCA_023974075.1,Actinopteri,Perciformes,Actinopteri,Chaenocephalus_aceratus,blackfin_icefish,36190,1
GCA_025617405.1,Actinopteri,Perciformes,Actinopteri,Perca_schrenkii,Balkhash_perch,210850,2
GCA_026686955.1,Actinopteri,Perciformes,Actinopteri,Epinephelus_cyanopodus,specked_blue_grouper,308565,4
GCA_026937815.1,Actinopteri,Perciformes,Actinopteri,Etheostoma_perlongum,Waccamaw_darter,655342,1
GCA_027596085.2,Actinopteri,Perciformes,Actinopteri,Anoplopoma_fimbria,sablefish,229290,3
GCA_028022725.1,Actinopteri,Perciformes,Actinopteri,Lycodopsis_pacificus,blackbelly_eelpout,1772091,5
GCA_028583405.1,Actinopteri,Perciformes,Actinopteri,Pogonophryne_albipinna,bony_fishes,1090488,2
GCA_029220125.1,Actinopteri,Perciformes,Actinopteri,Pseudoliparis_swirei,bony_fishes,2059687,3
GCA_029721515.1,Actinopteri,Perciformes,Actinopteri,Synanceia_verrucosa,stonefish,51996,2
GCA_029853015.1,Actinopteri,Perciformes,Actinopteri,Chelidonichthys_spinosus,red_gurnard,450224,1
GCA_029931835.1,Actinopteri,Perciformes,Actinopteri,Etheostoma_nigrum,Johnny_darter,54337,1
GCA_900634415.1,Actinopteri,Perciformes,Actinopteri,Cottoperca_gobio,bony_fishes,56716,2
GCA_902827115.2,Actinopteri,Perciformes,Actinopteri,Pseudochaenichthys_georgianus,South_Georgia_icefish,52239,1
GCA_910589615.1,Actinopteri,Perciformes,Actinopteri,Taurulus_bubalis,bony_fishes,61643,3
GCA_910591455.2,Actinopteri,Perciformes,Actinopteri,Pholis_gunnellus,rock_gunnel,56726,5
GCA_949316345.1,Actinopteri,Perciformes,Actinopteri,Pungitius_pungitius,ninespine_stickleback,134920,3
GCA_949606895.1,Actinopteri,Perciformes,Actinopteri,Notothenia_rossii,marbled_rockcod,101497,2
GCA_949748355.1,Actinopteri,Perciformes,Actinopteri,Melanostigma_gelatinosum,limp_eelpout,1091424,4
GCA_000523025.1,Actinopteri,Pleuronectiformes,Actinopteri,Cynoglossus_semilaevis,tongue_sole,244447,0
GCA_001904815.2,Actinopteri,Pleuronectiformes,Actinopteri,Paralichthys_olivaceus,Japanese_flounder,8255,1
GCA_006182925.3,Actinopteri,Pleuronectiformes,Actinopteri,Reinhardtius_hippoglossoides,Greenland_flounder,111784,2
GCA_016801935.1,Actinopteri,Pleuronectiformes,Actinopteri,Platichthys_stellatus,starry_flounder,195632,4
GCA_019176455.1,Actinopteri,Pleuronectiformes,Actinopteri,Solea_senegalensis,Senegalese_sole,28829,1
GCA_022379125.1,Actinopteri,Pleuronectiformes,Actinopteri,Scophthalmus_maximus,turbot,52904,2
GCA_022539355.2,Actinopteri,Pleuronectiformes,Actinopteri,Hippoglossus_stenolepis,Pacific_halibut,195615,2
GCA_026259375.1,Actinopteri,Pleuronectiformes,Actinopteri,Verasper_variegatus,spotted_halibut,82366,2
GCA_947347685.1,Actinopteri,Pleuronectiformes,Actinopteri,Pleuronectes_platessa,European_plaice,8262,2
GCA_949316205.1,Actinopteri,Pleuronectiformes,Actinopteri,Platichthys_flesus,European_flounder,8260,4
GCA_002021735.2,Actinopteri,Salmoniformes,Actinopteri,Oncorhynchus_kisutch,coho_salmon,8019,11
GCA_006149115.2,Actinopteri,Salmoniformes,Actinopteri,Oncorhynchus_nerka,sockeye_salmon,8023,9
GCA_013265735.3,Actinopteri,Salmoniformes,Actinopteri,Oncorhynchus_mykiss,rainbow_trout,8022,16
GCA_016432855.1,Actinopteri,Salmoniformes,Actinopteri,Salvelinus_namaycush,lake_trout,8040,12
GCA_018296145.1,Actinopteri,Salmoniformes,Actinopteri,Oncorhynchus_tshawytscha,Chinook_salmon,74940,13
GCA_020615455.1,Actinopteri,Salmoniformes,Actinopteri,Coregonus_clupeaformis,lake_whitefish,59861,8
GCA_021184085.1,Actinopteri,Salmoniformes,Actinopteri,Oncorhynchus_gorbuscha,pink_salmon,8017,8
GCA_023373465.1,Actinopteri,Salmoniformes,Actinopteri,Oncorhynchus_keta,chum_salmon,8018,9
GCA_023634145.1,Actinopteri,Salmoniformes,Actinopteri,Thymallus_thymallus,grayling,36185,9
GCA_029448725.1,Actinopteri,Salmoniformes,Actinopteri,Salvelinus_fontinalis,brook_trout,8038,10
GCA_901001165.2,Actinopteri,Salmoniformes,Actinopteri,Salmo_trutta,river_trout,8032,14
GCA_902810595.1,Actinopteri,Salmoniformes,Actinopteri,Coregonus_sp._'balchen',bony_fishes,861768,6
GCA_905237065.2,Actinopteri,Salmoniformes,Actinopteri,Salmo_salar,Atlantic_salmon,8030,12
GCA_027409825.1,Actinopteri,Scombriformes,Actinopteri,Scomber_japonicus,chub_mackerel,13676,3
GCA_029490765.1,Actinopteri,Scombriformes,Actinopteri,Euthynnus_affinis,eastern_little_tuna,8227,3
GCA_910596095.1,Actinopteri,Scombriformes,Actinopteri,Thunnus_maccoyii,southern_bluefin_tuna,8240,1
GCA_914725855.1,Actinopteri,Scombriformes,Actinopteri,Thunnus_albacares,yellowfin_tuna,8236,2
GCA_000242695.1,Actinopteri,Semionotiformes,Actinopteri,Lepisosteus_oculatus,spotted_gar,7918,3
GCA_001660625.3,Actinopteri,Siluriformes,Actinopteri,Ictalurus_punctatus,channel_catfish,7998,5
GCA_012411365.1,Actinopteri,Siluriformes,Actinopteri,Ameiurus_melas,black_bullhead,219545,3
GCA_014805685.1,Actinopteri,Siluriformes,Actinopteri,Silurus_meridionalis,bony_fishes,175797,7
GCA_019097595.1,Actinopteri,Siluriformes,Actinopteri,Hemibagrus_wyckioides,bony_fishes,337641,4
GCA_022655615.1,Actinopteri,Siluriformes,Actinopteri,Tachysurus_fulvidraco,yellow_catfish,1234273,5
GCA_022758105.1,Actinopteri,Siluriformes,Actinopteri,Pangasianodon_gigas,Mekong_giant_catfish,30993,6
GCA_022985145.1,Actinopteri,Siluriformes,Actinopteri,Pangasius_djambal,bony_fishes,1691987,6
GCA_023375685.2,Actinopteri,Siluriformes,Actinopteri,Ictalurus_furcatus,blue_catfish,66913,5
GCA_023630585.1,Actinopteri,Siluriformes,Actinopteri,Cranoglanis_bouderius,bony_fishes,175798,4
GCA_024256425.2,Actinopteri,Siluriformes,Actinopteri,Clarias_gariepinus,North_African_catfish,13013,3
GCA_024760905.1,Actinopteri,Siluriformes,Actinopteri,Plotosus_lineatus,striped_eel_catfish,243562,4
GCA_027358585.1,Actinopteri,Siluriformes,Actinopteri,Pangasianodon_hypophthalmus,striped_catfish,310915,5
GCA_027579695.1,Actinopteri,Siluriformes,Actinopteri,Neoarius_graeffei,lesser_salmon_catfish,443677,3
GCA_030014155.1,Actinopteri,Siluriformes,Actinopteri,Tachysurus_vachellii,bony_fishes,175792,7
GCA_030014385.1,Actinopteri,Siluriformes,Actinopteri,Trichomycterus_rosablanca,bony_fishes,2290929,8
GCA_946808225.1,Actinopteri,Siluriformes,Actinopteri,Silurus_aristotelis,Aristotle's_catfish,933932,0
GCA_900880675.2,Actinopteri,Spariformes,Actinopteri,Sparus_aurata,gilthead_seabream,8175,3
GCA_904848185.1,Actinopteri,Spariformes,Actinopteri,Acanthopagrus_latus,yellowfin_seabream,8177,3
GCA_949987555.1,Actinopteri,Stomiiformes,Actinopteri,Borostomias_antarcticus,large-eye_snaggletooth,473354,1
GCA_900324485.3,Actinopteri,Synbranchiformes,Actinopteri,Mastacembelus_armatus,zig-zag_eel,205130,3
GCA_018466805.1,Actinopteri,Syngnathiformes,Actinopteri,Hippocampus_abdominalis,big-belly_seahorse,109274,0
GCA_019802545.1,Actinopteri,Syngnathiformes,Actinopteri,Phyllopteryx_taeniolatus,common_seadragon,161469,1
GCA_019802595.1,Actinopteri,Syngnathiformes,Actinopteri,Syngnathoides_biaculeatus,alligator_pipefish,300417,1
GCA_024217435.4,Actinopteri,Syngnathiformes,Actinopteri,Syngnathus_scovelli,Gulf_pipefish,161590,1
GCA_024500275.1,Actinopteri,Syngnathiformes,Actinopteri,Phycodurus_eques,leafy_seadragon,693459,1
GCA_025434085.3,Actinopteri,Syngnathiformes,Actinopteri,Hippocampus_zosterae,dwarf_seahorse,109293,1
GCA_027744805.2,Actinopteri,Syngnathiformes,Actinopteri,Dunckerocampus_dactyliophorus,ringed_pipefish,161453,3
GCA_027744825.1,Actinopteri,Syngnathiformes,Actinopteri,Synchiropus_splendidus,mandarinfish,270530,8
GCA_901709675.2,Actinopteri,Syngnathiformes,Actinopteri,Syngnathus_acus,greater_pipefish,161584,1
GCA_003711565.2,Actinopteri,Tetraodontiformes,Actinopteri,Takifugu_flavidus,sansaifugu,433684,6
GCA_004026145.2,Actinopteri,Tetraodontiformes,Actinopteri,Takifugu_bimaculatus,bony_fishes,433685,4
GCA_009823395.1,Actinopteri,Tetraodontiformes,Actinopteri,Thamnaconus_septentrionalis,bony_fishes,435163,4
GCA_015343265.1,Actinopteri,Tetraodontiformes,Actinopteri,Pao_palembangensis,humpback_puffer,1820603,0
GCA_901000725.3,Actinopteri,Tetraodontiformes,Actinopteri,Takifugu_rubripes,torafugu,31033,4
GCA_026122265.1,Actinopteri,Uranoscopiformes,Actinopteri,Ammodytes_dubius,northern_sand_lance,1266862,5
GCA_026929865.2,Actinopteri,Uranoscopiformes,Actinopteri,Hyperoplus_lanceolatus,great_sand-eel,508657,2
GCA_949357725.1,Actinopteri,Uranoscopiformes,Actinopteri,Hyperoplus_immaculatus,greater_sand-eel,1484357,3
GCA_949987685.1,Actinopteri,Uranoscopiformes,Actinopteri,Ammodytes_marinus,lesser_sand-eel,146480,4
GCA_000004195.4,Amphibia,Anura,Anura,Xenopus_tropicalis,tropical_clawed_frog,8364,50
GCA_004786255.1,Amphibia,Anura,Anura,Pyxicephalus_adspersus,frogs_and_toads,30357,98
GCA_009667805.1,Amphibia,Anura,Anura,Leptobrachium_leishanense,Leishan_spiny_toad,445787,135
GCA_014858855.1,Amphibia,Anura,Anura,Bufo_gargarizans,Asiatic_toad,30331,131
GCA_017654675.1,Amphibia,Anura,Anura,Xenopus_laevis,African_clawed_frog,8355,50
GCA_018994145.1,Amphibia,Anura,Anura,Leptobrachium_ailaonicum,Yunnan_mustache_toad,428466,102
GCA_019447015.1,Amphibia,Anura,Anura,Hymenochirus_boettgeri,Congo_dwarf_clawed_frog,247094,45
GCA_019512145.1,Amphibia,Anura,Anura,Engystomops_pustulosus,Tungara_frog,76066,185
GCA_019857665.1,Amphibia,Anura,Anura,Eleutherodactylus_coqui,Puerto_Rican_coqui,57060,191
GCA_024363595.1,Amphibia,Anura,Anura,Xenopus_borealis,Kenyan_clawed_frog,8354,50
GCA_027358695.2,Amphibia,Anura,Anura,Spea_bombifrons,plains_spadefoot_toad,233779,64
GCA_027579735.1,Amphibia,Anura,Anura,Bombina_bombina,fire-bellied_toad,8345,91
GCA_027789765.1,Amphibia,Anura,Anura,Dendropsophus_ebraccatus,hourglass_treefrog,150705,246
GCA_027917425.1,Amphibia,Anura,Anura,Gastrophryne_carolinensis,eastern_narrow-mouthed_toad,8429,31
GCA_028390025.1,Amphibia,Anura,Anura,Pseudophryne_corroboree,corroboree_frog,495146,184
GCA_028564925.1,Amphibia,Anura,Anura,Lithobates_sylvaticus,wood_frog,45438,248
GCA_029206835.1,Amphibia,Anura,Anura,Rana_muscosa,mountain_yellow-legged_frog,160500,180
GCA_029499605.1,Amphibia,Anura,Anura,Hyla_sarda,Sardinian_treefrog,327740,126
GCA_029574335.1,Amphibia,Anura,Anura,Rana_kukunoris,plateau_brown_frog,670907,211
GCA_905171765.1,Amphibia,Anura,Anura,Bufo_bufo,common_toad,8384,106
GCA_905171775.1,Amphibia,Anura,Anura,Rana_temporaria,common_frog,8407,202
GCA_002915635.3,Amphibia,Caudata,Caudata,Ambystoma_mexicanum,axolotl,8296,70
GCA_026652325.1,Amphibia,Caudata,Caudata,Pleurodeles_waltl,Iberian_ribbed_newt,8319,68
GCA_901001135.2,Amphibia,Gymnophiona,Gymnophiona,Rhinatrema_bivittatum,two-lined_caecilian,194408,16
GCA_901765095.2,Amphibia,Gymnophiona,Gymnophiona,Microcaecilia_unicolor,caecilians,1415580,28
GCA_902459505.2,Amphibia,Gymnophiona,Gymnophiona,Geotrypetes_seraphini,caecilians,260995,3
GCA_018139145.2,Aves,Accipitriformes,Aves,Gymnogyps_californianus,California_condor,33616,2
GCA_026419915.1,Aves,Accipitriformes,Aves,Harpia_harpyja,harpy_eagle,202280,2
GCA_028022735.1,Aves,Accipitriformes,Aves,Gypaetus_barbatus,lammergeier,33610,2
GCA_900496995.4,Aves,Accipitriformes,Aves,Aquila_chrysaetos,golden_eagle,223781,2
GCA_929443795.2,Aves,Accipitriformes,Aves,Accipiter_gentilis,Northern_goshawk,8957,2
GCA_947461875.1,Aves,Accipitriformes,Aves,Haliaeetus_albicilla,white-tailed_eagle,8969,2
GCA_009769625.2,Aves,Anseriformes,Aves,Cygnus_olor,mute_swan,8869,3
GCA_009819795.1,Aves,Anseriformes,Aves,Aythya_fuligula,tufted_duck,219594,4
GCA_011074415.1,Aves,Anseriformes,Aves,Stictonetta_naevosa,freckled_duck,45637,2
GCA_011075105.1,Aves,Anseriformes,Aves,Heteronetta_atricapilla,birds,555264,3
GCA_011076525.1,Aves,Anseriformes,Aves,Nettapus_auritus,birds,658922,2
GCA_011077185.1,Aves,Anseriformes,Aves,Oxyura_jamaicensis,ruddy_duck,8884,3
GCA_013377495.2,Aves,Anseriformes,Aves,Cygnus_atratus,black_swan,8868,3
GCA_015476345.1,Aves,Anseriformes,Aves,Anas_platyrhynchos,mallard,8839,6
GCA_018104995.1,Aves,Anseriformes,Aves,Cairina_moschata,Muscovy_duck,8855,4
GCA_025388735.1,Aves,Anseriformes,Aves,Anser_cygnoides,Swan_goose,8845,3
GCA_025583725.1,Aves,Anseriformes,Aves,Anser_indicus,Bar-headed_goose,8846,3
GCA_026413565.1,Aves,Anseriformes,Aves,Aythya_baeri,Baer's_pochard,1177618,0
GCA_029042245.1,Aves,Anseriformes,Aves,Aythya_marila,greater_scaup,189534,4
GCA_003957555.2,Aves,Apodiformes,Aves,Calypte_anna,Annas_hummingbird,9244,8
GCA_020740795.1,Aves,Apodiformes,Aves,Apus_apus,common_swift,8895,12
GCA_020745705.1,Aves,Apodiformes,Aves,Hemiprocne_comata,birds,243314,3
GCA_023079485.1,Aves,Apodiformes,Aves,Archilochus_colubris,birds,190676,11
GCA_009769605.1,Aves,Bucerotiformes,Aves,Bucorvus_abyssinicus,Abyssinian_ground-hornbill,153643,2
GCA_013368605.1,Aves,Caprimulgiformes,Aves,Nyctibius_grandis,birds,48427,3
GCA_028020825.1,Aves,Caprimulgiformes,Aves,Podargus_strigoides,tawny_frogmouth,8905,2
GCA_907165065.1,Aves,Caprimulgiformes,Aves,Caprimulgus_europaeus,Eurasian_nightjar,111811,5
GCA_009819825.1,Aves,Cariamiformes,Aves,Cariama_cristata,Red-legged_seriema,54380,2
GCA_016128335.2,Aves,Casuariiformes,Aves,Dromaius_novaehollandiae,emu,8790,3
GCA_008658365.1,Aves,Charadriiformes,Aves,Alca_torda,razorbill,28689,2
GCA_009819605.1,Aves,Charadriiformes,Aves,Sterna_hirundo,Common_tern,108405,3
GCA_017639485.1,Aves,Charadriiformes,Aves,Pluvialis_apricaria,birds,670352,4
GCA_028500815.1,Aves,Charadriiformes,Aves,Rissa_tridactyla,black-legged_kittiwake,75485,3
GCA_009769525.1,Aves,Ciconiiformes,Aves,Pterocles_gutturalis,yellow-throated_sandgrouse,240206,1
GCA_017639555.1,Aves,Ciconiiformes,Aves,Ciconia_maguari,birds,52777,2
GCA_028858725.1,Aves,Coliiformes,Aves,Colius_striatus,speckled_mousebird,57412,4
GCA_001887795.1,Aves,Columbiformes,Aves,Columba_livia,rock_pigeon,8932,1
GCA_901699155.2,Aves,Columbiformes,Aves,Streptopelia_turtur,birds,177155,1
GCA_009819595.1,Aves,Coraciiformes,Aves,Merops_nubicus,carmine_bee-eater,57421,5
GCA_017976375.1,Aves,Cuculiformes,Aves,Cuculus_canorus,common_cuckoo,55661,5
GCA_027574665.1,Aves,Eurypygiformes,Aves,Rhynochetos_jubatus,kagu,54386,2
GCA_015220075.1,Aves,Falconiformes,Aves,Falco_rusticolus,gyrfalcon,120794,2
GCA_017639655.1,Aves,Falconiformes,Aves,Falco_naumanni,lesser_kestrel,148594,3
GCA_023634085.1,Aves,Falconiformes,Aves,Falco_cherrug,Saker_falcon,345164,2
GCA_023634155.1,Aves,Falconiformes,Aves,Falco_peregrinus,peregrine_falcon,8954,2
GCA_023638135.1,Aves,Falconiformes,Aves,Falco_biarmicus,lanner_falcon,345155,2
GCA_000146605.4,Aves,Galliformes,Aves,Meleagris_gallopavo,turkey,9103,2
GCA_001577835.2,Aves,Galliformes,Aves,Coturnix_japonica,Japanese_quail,93934,2
GCA_002078875.2,Aves,Galliformes,Aves,Numida_meleagris,helmeted_guineafowl,8996,2
GCA_016699485.1,Aves,Galliformes,Aves,Gallus_gallus,chicken,9031,3
GCA_023343835.1,Aves,Galliformes,Aves,Lagopus_muta,rock_ptarmigan,64668,2
GCA_020800305.1,Aves,Gruiformes,Aves,Porphyrio_hochstetteri,South_Island_takahe,439704,2
GCA_026413225.1,Aves,Gruiformes,Aves,Otis_tarda,great_bustard,73107,4
GCA_028858705.1,Aves,Gruiformes,Aves,Grus_americana,Whooping_crane,9117,3
GCA_009769465.1,Aves,Musophagiformes,Aves,Tauraco_erythrolophus,red-crested_turaco,121530,3
GCA_000247815.2,Aves,Passeriformes,Aves,Ficedula_albicollis,Collared_flycatcher,59894,5
GCA_000738735.6,Aves,Passeriformes,Aves,Corvus_cornix,hooded_crow,932674,9
GCA_001522545.3,Aves,Passeriformes,Aves,Parus_major,Great_Tit,9157,3
GCA_001700915.1,Aves,Passeriformes,Aves,Passer_domesticus,House_sparrow,48849,3
GCA_001746935.2,Aves,Passeriformes,Aves,Setophaga_coronata,myrtle_warbler,1037456,1
GCA_003829775.2,Aves,Passeriformes,Aves,Junco_hyemalis,dark-eyed_junco,40217,3
GCA_003957565.4,Aves,Passeriformes,Aves,Taeniopygia_guttata,zebra_finch,59729,7
GCA_005870125.1,Aves,Passeriformes,Aves,Lonchura_striata,Bengalese_finch,299123,2
GCA_008360975.2,Aves,Passeriformes,Aves,Lichenostomus_cassidix,helmeted_honeyeater,1497555,19
GCA_009650955.1,Aves,Passeriformes,Aves,Corvus_moneduloides,New_Caledonian_crow,1196302,10
GCA_009741485.1,Aves,Passeriformes,Aves,Malurus_cyaneus,Superb_fairywren,2593467,11
GCA_009764595.1,Aves,Passeriformes,Aves,Geothlypis_trichas,common_yellowthroat,135433,20
GCA_009819655.1,Aves,Passeriformes,Aves,Sylvia_atricapilla,blackcap,48155,13
GCA_009829145.1,Aves,Passeriformes,Aves,Chiroxiphia_lanceolata,lance-tailed_manakin,296741,13
GCA_011421415.1,Aves,Passeriformes,Aves,Poecile_atricapillus,Black-capped_chickadee,48891,3
GCA_012460135.3,Aves,Passeriformes,Aves,Molothrus_ater,birds,84834,9
GCA_013398505.2,Aves,Passeriformes,Aves,Rhegmatorhina_hoffmannsi,white-breasted_antbird,468512,12
GCA_013407035.1,Aves,Passeriformes,Aves,Coloeus_monedula,jackdaw,30423,4
GCA_014839755.1,Aves,Passeriformes,Aves,Sylvia_borin,garden_warbler,73324,14
GCA_015227805.3,Aves,Passeriformes,Aves,Hirundo_rustica,Barn_swallow,43150,10
GCA_015532645.2,Aves,Passeriformes,Aves,Fringilla_coelebs,chaffinch,1471794,3
GCA_015832195.1,Aves,Passeriformes,Aves,Motacilla_alba,white_wagtail,1094192,13
GCA_015883425.2,Aves,Passeriformes,Aves,Lamprotornis_superbus,birds,245042,5
GCA_016904835.1,Aves,Passeriformes,Aves,Acanthisitta_chloris,rifleman,57068,4
GCA_018697195.1,Aves,Passeriformes,Aves,Certhia_americana,birds,186443,3
GCA_019023105.1,Aves,Passeriformes,Aves,Diglossa_brunneiventris,black-throated_flowerpiercer,547948,10
GCA_020740725.1,Aves,Passeriformes,Aves,Corvus_hawaiiensis,hawaiian_crow,134902,9
GCA_020745825.3,Aves,Passeriformes,Aves,Agelaius_phoeniceus,red-winged_blackbird,39638,12
GCA_021018805.1,Aves,Passeriformes,Aves,Prinia_subflava,tawny-flanked_prinia,208062,13
GCA_022539315.2,Aves,Passeriformes,Aves,Serinus_canaria,Common_canary,9135,7
GCA_023376015.1,Aves,Passeriformes,Aves,Sturnus_vulgaris,Common_starling,9172,6
GCA_024509145.1,Aves,Passeriformes,Aves,Vidua_macroura,Pin-tailed_whydah,187451,3
GCA_026979565.1,Aves,Passeriformes,Aves,Vidua_chalybeata,birds,81927,7
GCA_027477595.1,Aves,Passeriformes,Aves,Haemorhous_mexicanus,house_finch,30427,19
GCA_027559615.1,Aves,Passeriformes,Aves,Acridotheres_tristis,common_myna,279927,8
GCA_027579445.1,Aves,Passeriformes,Aves,Ammospiza_nelsoni,birds,2857394,14
GCA_027887145.1,Aves,Passeriformes,Aves,Ammodramus_caudacutus,birds,69262,14
GCA_028018845.1,Aves,Passeriformes,Aves,Melospiza_georgiana,birds,44398,20
GCA_028769735.1,Aves,Passeriformes,Aves,Zonotrichia_leucophrys,birds,44393,13
GCA_029582105.1,Aves,Passeriformes,Aves,Oenanthe_melanoleuca,birds,2939378,9
GCA_901933205.1,Aves,Passeriformes,Aves,Camarhynchus_parvulus,birds,87175,5
GCA_903797595.2,Aves,Passeriformes,Aves,Erithacus_rubecula,European_robin,37610,11
GCA_910950805.1,Aves,Passeriformes,Aves,Acrocephalus_scirpaceus,Eurasian_reed_warbler,126889,14
GCA_020745775.1,Aves,Pelecaniformes,Aves,Theristicus_caerulescens,plumbeous_ibis,1118847,2
GCA_009819775.1,Aves,Phoenicopteriformes,Aves,Phoenicopterus_ruber,American_flamingo,9218,1
GCA_014839835.1,Aves,Piciformes,Aves,Dryobates_pubescens,Downy_woodpecker,118200,3
GCA_015220805.1,Aves,Piciformes,Aves,Pogoniulus_pusillus,Red-fronted_tinkerbird,488313,7
GCA_015227895.2,Aves,Piciformes,Aves,Colaptes_auratus,northern_flicker,51355,5
GCA_027791375.2,Aves,Piciformes,Aves,Indicator_indicator,birds,1002788,3
GCA_004027225.2,Aves,Psittaciformes,Aves,Strigops_habroptila,Kakapo,2489341,1
GCA_012275295.1,Aves,Psittaciformes,Aves,Melopsittacus_undulatus,budgerigar,13146,1
GCA_017639245.1,Aves,Psittaciformes,Aves,Myiopsitta_monachus,monk_parakeet,176066,1
GCA_017639355.1,Aves,Psittaciformes,Aves,Amazona_aestiva,blue-fronted_amazon,12930,2
GCA_028858755.1,Aves,Psittaciformes,Aves,Ara_ararauna,blue-and-yellow_macaw,9226,2
GCA_028389875.1,Aves,Rheiformes,Aves,Rhea_pennata,lesser_rhea,8795,2
GCA_027474245.1,Aves,Sphenisciformes,Aves,Spheniscus_humboldti,Humboldt's_penguin,9240,0
GCA_949628215.1,Aves,Suliformes,Aves,Phalacrocorax_aristotelis,European_shag,126867,1
GCA_020746105.1,Aves,Trogoniformes,Aves,Trogon_surrucura,Suruca_trogon,297711,10
GCA_019279795.1,Ceratodontoidei,Ceratodontiformes,Ceratodontoidei,Protopterus_annectens,West_African_lungfish,7888,18
GCA_902713615.2,Chondrichthyes,Carcharhiniformes,Chondrichthyes,Scyliorhinus_canicula,smaller_spotted_catshark,7830,0
GCA_017639515.1,Chondrichthyes,Lamniformes,Chondrichthyes,Carcharodon_carcharias,great_white_shark,13397,0
GCA_030035685.1,Chondrichthyes,Myliobatiformes,Chondrichthyes,Mobula_birostris,giant_manta,1983395,0
GCA_004010195.1,Chondrichthyes,Orectolobiformes,Chondrichthyes,Chiloscyllium_plagiosum,whitespotted_bambooshark,36176,0
GCA_020745735.1,Chondrichthyes,Orectolobiformes,Chondrichthyes,Hemiscyllium_ocellatum,epaulette_shark,170820,0
GCA_021869965.1,Chondrichthyes,Orectolobiformes,Chondrichthyes,Rhincodon_typus,whale_shark,259920,0
GCA_022316705.1,Chondrichthyes,Orectolobiformes,Chondrichthyes,Stegostoma_fasciatum,sharks_&_rays,378071,0
GCA_010909765.2,Chondrichthyes,Rajiformes,Chondrichthyes,Amblyraja_radiata,thorny_skate,386614,0
GCA_028641065.1,Chondrichthyes,Rajiformes,Chondrichthyes,Leucoraja_erinacea,little_skate,7782,0
GCA_009764475.2,Chondrichthyes,Rhinopristiformes,Chondrichthyes,Pristis_pectinata,smalltooth_sawfish,685728,0
GCA_016835505.1,Cladistia,Polypteriformes,Cladistia,Polypterus_senegalus,gray_bichir,55291,1
GCA_900747795.4,Cladistia,Polypteriformes,Cladistia,Erpetoichthys_calabaricus,reedfish,27687,1
GCA_010993605.1,Hyperoartia,Petromyzontiformes,Hyperoartia,Petromyzon_marinus,sea_lamprey,7757,0
GCA_014621495.2,Hyperoartia,Petromyzontiformes,Hyperoartia,Entosphenus_tridentatus,Pacific_lamprey,245074,0
GCA_015708825.1,Hyperoartia,Petromyzontiformes,Hyperoartia,Lethenteron_reissneri,Far_Eastern_brook_lamprey,7753,0
GCA_030020295.1,Archosauria,Crocodylia,Crocodylia,Gavialis_gangeticus,Gharial,94835,7
GCA_000090745.2,Lepidosauria,Squamata,Squamata,Anolis_carolinensis,green_anole,28377,43
GCA_003400415.2,Lepidosauria,Squamata,Squamata,Crotalus_viridis,prairie_rattlesnake,8742,1
GCA_004329235.1,Lepidosauria,Squamata,Squamata,Podarcis_muralis,Common_wall_lizard,64176,37
GCA_009733165.1,Lepidosauria,Squamata,Squamata,Naja_naja,Indian_cobra,35670,0
GCA_009769535.1,Lepidosauria,Squamata,Squamata,Thamnophis_elegans,Western_terrestrial_garter_snake,35005,0
GCA_009819535.1,Lepidosauria,Squamata,Squamata,Lacerta_agilis,lizards_and_snakes,80427,28
GCA_011800845.1,Lepidosauria,Squamata,Squamata,Zootoca_vivipara,common_lizard,8524,30
GCA_016801065.1,Lepidosauria,Squamata,Squamata,Sceloporus_tristichus,plateau_fence_lizard,190870,19
GCA_019175285.1,Lepidosauria,Squamata,Squamata,Sceloporus_undulatus,fence_lizard,8520,23
GCA_019472885.1,Lepidosauria,Squamata,Squamata,Hydrophis_curtus,Shaw's_sea_snake,355685,0
GCA_019473425.1,Lepidosauria,Squamata,Squamata,Hydrophis_cyanocinctus,Asian_annulated_sea_snake,8686,0
GCA_020142125.1,Lepidosauria,Squamata,Squamata,Phrynosoma_platyrhinos,Desert_horned_lizard,52577,10
GCA_021028975.2,Lepidosauria,Squamata,Squamata,Sphaerodactylus_townsendi,lizards_&_snakes,933632,0
GCA_021292165.1,Lepidosauria,Squamata,Squamata,Shinisaurus_crocodilurus,lizards_&_snakes,52224,0
GCA_023653725.1,Lepidosauria,Squamata,Squamata,Bungarus_multicinctus,many-banded_krait,8616,2
GCA_024294585.1,Lepidosauria,Squamata,Squamata,Vipera_latastei,snakes,246179,1
GCA_027172205.1,Lepidosauria,Squamata,Squamata,Podarcis_raffonei,Aeolian_wall_lizard,65483,28
GCA_027244095.1,Lepidosauria,Squamata,Squamata,Hemicordylus_capensis,graceful_crag_lizard,884348,21
GCA_028583425.1,Lepidosauria,Squamata,Squamata,Eublepharis_macularius,Leopard_gecko,481883,22
GCA_028640845.1,Lepidosauria,Squamata,Squamata,Ahaetulla_prasina,snakes,499056,2
GCA_029931775.1,Lepidosauria,Squamata,Squamata,Euleptes_europaea,tarantolino,460621,52
GCA_030035675.1,Lepidosauria,Squamata,Squamata,Rhineura_floridana,Florida_worm_lizard,261503,11
GCA_947247035.1,Lepidosauria,Squamata,Squamata,Vipera_ursinii,snakes,103942,1
GCA_000241765.5,Lepidosauria,Testudines,Testudines,Chrysemys_picta_bellii,western_painted_turtle,8478,8
GCA_007399415.1,Lepidosauria,Testudines,Testudines,Gopherus_evgoodei,Goodes_thornscrub_tortoise,1825980,11
GCA_009764565.4,Lepidosauria,Testudines,Testudines,Dermochelys_coriacea,leatherback_sea_turtle,27794,1
GCA_013100865.1,Lepidosauria,Testudines,Testudines,Trachemys_scripta,red-eared_slider_turtle,31138,9
GCA_015237465.2,Lepidosauria,Testudines,Testudines,Chelonia_mydas,Green_sea_turtle,8469,1
GCA_016161935.1,Lepidosauria,Testudines,Testudines,Mauremys_reevesii,Reevess_turtle,260615,13
GCA_019425775.1,Lepidosauria,Testudines,Testudines,Rafetus_swinhoei,Swinhoes_soft-shelled_turtle,904230,8
GCA_020497125.1,Lepidosauria,Testudines,Testudines,Mauremys_mutica,yellowpond_turtle,74926,11
GCA_023653815.1,Lepidosauria,Testudines,Testudines,Caretta_caretta,Loggerhead_turtle,8467,3
GCA_025201925.1,Lepidosauria,Testudines,Testudines,Gopherus_flavomarginatus,Mexican_gopher_tortoise,286002,10
GCA_026122505.1,Lepidosauria,Testudines,Testudines,Aldabrachelys_gigantea,Aldabra_giant_tortoise,167804,16
GCA_027887155.1,Lepidosauria,Testudines,Testudines,Malaclemys_terrapin,diamondback_terrapin,2991368,8
GCA_028017835.1,Lepidosauria,Testudines,Testudines,Emys_orbicularis,European_pond_turtle,82168,8
GCA_030012505.1,Lepidosauria,Testudines,Testudines,Eretmochelys_imbricata,hawksbill_sea_turtle,27787,1
GCA_000003025.6,Mammalia,Artiodactyla,Mammalia,Sus_scrofa,pig,9823,15
GCA_000247795.2,Mammalia,Artiodactyla,Mammalia,Bos_indicus,zebu_cattle,9915,20
GCA_000803125.3,Mammalia,Artiodactyla,Mammalia,Camelus_dromedarius,Arabian_camel,9838,11
GCA_000978405.1,Mammalia,Artiodactyla,Mammalia,Capra_aegagrus,wild_goat,9923,22
GCA_001039535.1,Mammalia,Artiodactyla,Mammalia,Ovis_canadensis,bighorn_sheep,112262,16
GCA_001704415.2,Mammalia,Artiodactyla,Mammalia,Capra_hircus,goat,9925,21
GCA_002263795.3,Mammalia,Artiodactyla,Mammalia,Bos_taurus,cattle,9913,21
GCA_002837175.5,Mammalia,Artiodactyla,Mammalia,Physeter_catodon,sperm_whale,9755,1
GCA_005887515.3,Mammalia,Artiodactyla,Mammalia,Bos_grunniens,domestic_yak,30521,14
GCA_008692025.1,Mammalia,Artiodactyla,Mammalia,Phocoena_sinus,vaquita,42100,0
GCA_008782695.1,Mammalia,Artiodactyla,Mammalia,Muntiacus_muntjak,muntjak,9888,24
GCA_009834535.1,Mammalia,Artiodactyla,Mammalia,Camelus_ferus,Wild_Bactrian_camel,419612,11
GCA_009873245.3,Mammalia,Artiodactyla,Mammalia,Balaenoptera_musculus,Blue_whale,9771,2
GCA_010411085.1,Mammalia,Artiodactyla,Mammalia,Cervus_hanglu,Yarkand_deer,84702,20
GCA_011762595.1,Mammalia,Artiodactyla,Mammalia,Tursiops_truncatus,common_bottlenose_dolphin,9739,0
GCA_013496395.1,Mammalia,Artiodactyla,Mammalia,Giraffa_tippelskirchi,even-toed_ungulates,439328,14
GCA_014182915.2,Mammalia,Artiodactyla,Mammalia,Bos_gaurus,gaur,9904,18
GCA_014523465.1,Mammalia,Artiodactyla,Mammalia,Ovis_orientalis,Asiatic_mouflon,469796,18
GCA_016772045.1,Mammalia,Artiodactyla,Mammalia,Ovis_aries,sheep,9940,19
GCA_016906955.1,Mammalia,Artiodactyla,Mammalia,Phacochoerus_africanus,Common_warthog,41426,15
GCA_017591445.1,Mammalia,Artiodactyla,Mammalia,Giraffa_camelopardalis,giraffe,2740528,22
GCA_019320065.1,Mammalia,Artiodactyla,Mammalia,Cervus_canadensis,even-toed_ungulates,1574408,23
GCA_019903745.2,Mammalia,Artiodactyla,Mammalia,Rangifer_tarandus,reindeer,86327,20
GCA_019923935.1,Mammalia,Artiodactyla,Mammalia,Bubalus_bubalis,water_buffalo,89462,20
GCA_020226045.1,Mammalia,Artiodactyla,Mammalia,Muntiacus_reevesi,Reeves'_muntjac,9886,0
GCA_020226075.1,Mammalia,Artiodactyla,Mammalia,Hydropotes_inermis,Chinese_water_deer,9883,17
GCA_020276665.1,Mammalia,Artiodactyla,Mammalia,Muntiacus_crinifrons,black_muntjac,71854,24
GCA_020976825.1,Mammalia,Artiodactyla,Mammalia,Odocoileus_hemionus,mule_deer,9872,21
GCA_023065765.1,Mammalia,Artiodactyla,Mammalia,Hexaprotodon_liberiensis,pygmy_hippopotamus,56798,17
GCA_023091745.2,Mammalia,Artiodactyla,Mammalia,Budorcas_taxicolor,takin,37181,19
GCA_023699985.2,Mammalia,Artiodactyla,Mammalia,Odocoileus_virginianus,white-tailed_deer,9874,21
GCA_024291935.2,Mammalia,Artiodactyla,Mammalia,Okapia_johnstoni,okapi,86973,16
GCA_025265405.1,Mammalia,Artiodactyla,Mammalia,Mesoplodon_densirostris,Blainville's_beaked_whale,48708,0
GCA_026419965.1,Mammalia,Artiodactyla,Mammalia,Kogia_breviceps,pygmy_sperm_whale,27615,0
GCA_027580195.1,Mammalia,Artiodactyla,Mammalia,Bos_mutus,wild_yak,72004,22
GCA_028021215.1,Mammalia,Artiodactyla,Mammalia,Eschrichtius_robustus,grey_whale,9764,1
GCA_028023285.1,Mammalia,Artiodactyla,Mammalia,Balaenoptera_ricei,Rice's_whale,2746895,0
GCA_028533215.1,Mammalia,Artiodactyla,Mammalia,Babyrousa_celebensis,North_Sulawesi_babirusa,1303000,14
GCA_028534125.1,Mammalia,Artiodactyla,Mammalia,Lama_glama,llama,9844,12
GCA_028564815.1,Mammalia,Artiodactyla,Mammalia,Eubalaena_glacialis,North_Atlantic_right_whale,27606,1
GCA_028583565.1,Mammalia,Artiodactyla,Mammalia,Ovis_ammon_polii,argali,230172,16
GCA_028646385.1,Mammalia,Artiodactyla,Mammalia,Steno_bredanensis,rough-toothed_dolphin,46167,0
GCA_028646425.1,Mammalia,Artiodactyla,Mammalia,Grampus_griseus,Risso's_dolphin,83653,0
GCA_029407905.2,Mammalia,Artiodactyla,Mammalia,Bubalus_carabanensis,carabao,346063,18
GCA_030028045.1,Mammalia,Artiodactyla,Mammalia,Hippopotamus_amphibius_kiboko,hippopotamus,575201,11
GCA_910594005.1,Mammalia,Artiodactyla,Mammalia,Cervus_elaphus,red_deer,9860,24
GCA_937001465.1,Mammalia,Artiodactyla,Mammalia,Orcinus_orca,killer_whale,9733,0
GCA_949752795.1,Mammalia,Artiodactyla,Mammalia,Hyperoodon_ampullatus,northern_bottlenose_whale,48744,0
GCA_949774975.1,Mammalia,Artiodactyla,Mammalia,Lagenorhynchus_albirostris,white-beaked_dolphin,27610,0
GCA_949987535.1,Mammalia,Artiodactyla,Mammalia,Balaenoptera_acutorostrata,minke_whale,9767,0
GCA_001883655.1,Mammalia,Carnivora,Mammalia,Lycaon_pictus,African_hunting_dog,9622,12
GCA_002007445.3,Mammalia,Carnivora,Mammalia,Ailuropoda_melanoleuca,giant_panda,9646,12
GCA_002201575.2,Mammalia,Carnivora,Mammalia,Neomonachus_schauinslandi,Hawaiian_monk_seal,29088,3
GCA_006229205.1,Mammalia,Carnivora,Mammalia,Suricata_suricatta,meerkat,37032,16
GCA_007474595.2,Mammalia,Carnivora,Mammalia,Lynx_canadensis,Canada_lynx,61383,14
GCA_009762305.2,Mammalia,Carnivora,Mammalia,Zalophus_californianus,California_sea_lion,9704,5
GCA_009829155.1,Mammalia,Carnivora,Mammalia,Mustela_erminea,ermine,36723,13
GCA_016509475.2,Mammalia,Carnivora,Mammalia,Prionailurus_bengalensis,leopard_cat,37029,14
GCA_018345385.1,Mammalia,Carnivora,Mammalia,Vulpes_lagopus,Arctic_fox,494514,17
GCA_018350155.1,Mammalia,Carnivora,Mammalia,Leopardus_geoffroyi,Geoffroy's_cat,46844,0
GCA_018350175.1,Mammalia,Carnivora,Mammalia,Felis_catus,domestic_cat,9685,13
GCA_018350195.2,Mammalia,Carnivora,Mammalia,Panthera_tigris,tiger,9694,14
GCA_018350215.1,Mammalia,Carnivora,Mammalia,Panthera_leo,lion,9689,13
GCA_019924945.1,Mammalia,Carnivora,Mammalia,Felis_chaus,jungle_cat,61376,13
GCA_020171115.1,Mammalia,Carnivora,Mammalia,Neogale_vison,American_mink,452646,14
GCA_021288785.3,Mammalia,Carnivora,Mammalia,Mirounga_angustirostris,Northern_elephant_seal,9716,3
GCA_022355385.1,Mammalia,Carnivora,Mammalia,Mustela_nigripes,black-footed_ferret,77151,13
GCA_022837055.1,Mammalia,Carnivora,Mammalia,Prionailurus_viverrinus,fishing_cat,61388,14
GCA_023065955.2,Mammalia,Carnivora,Mammalia,Ursus_arctos,brown_bear,9644,18
GCA_023721935.1,Mammalia,Carnivora,Mammalia,Panthera_uncia,snow_leopard,29064,13
GCA_024500485.1,Mammalia,Carnivora,Mammalia,Vulpes_ferrilata,Tibetan_sand_fox,561074,17
GCA_027475565.2,Mammalia,Carnivora,Mammalia,Acinonyx_jubatus,cheetah,32536,10
GCA_028018385.1,Mammalia,Carnivora,Mammalia,Neofelis_nebulosa,Clouded_leopard,61452,13
GCA_028533245.1,Mammalia,Carnivora,Mammalia,Helarctos_malayanus,Malayan_sun_bear,9634,16
GCA_028533295.1,Mammalia,Carnivora,Mammalia,Felis_nigripes,black-footed_cat,61379,13
GCA_028533335.1,Mammalia,Carnivora,Mammalia,Chrysocyon_brachyurus,maned_wolf,68728,14
GCA_028533385.1,Mammalia,Carnivora,Mammalia,Panthera_onca,jaguar,9690,14
GCA_028533875.1,Mammalia,Carnivora,Mammalia,Mungos_mungo,banded_mongoose,210652,17
GCA_028533885.1,Mammalia,Carnivora,Mammalia,Nasua_narica,White-nosed_coati,352831,16
GCA_028534135.1,Mammalia,Carnivora,Mammalia,Potos_flavus,kinkajou,29067,17
GCA_028551375.1,Mammalia,Carnivora,Mammalia,Tremarctos_ornatus,spectacled_bear,9638,17
GCA_028646355.1,Mammalia,Carnivora,Mammalia,Arctocephalus_townsendi,Guadalupe_fur_seal,161921,3
GCA_028646485.1,Mammalia,Carnivora,Mammalia,Cryptoprocta_ferox,fossa,94188,14
GCA_028646535.1,Mammalia,Carnivora,Mammalia,Procyon_lotor,raccoon,9654,15
GCA_028975605.1,Mammalia,Carnivora,Mammalia,Pusa_sibirica,Baikal_seal,9719,6
GCA_029410595.1,Mammalia,Carnivora,Mammalia,Martes_flavigula,yellow-throated_marten,74864,15
GCA_902655055.2,Mammalia,Carnivora,Mammalia,Lutra_lutra,Eurasian_river_otter,9657,12
GCA_905319855.2,Mammalia,Carnivora,Mammalia,Canis_lupus,gray_wolf,9612,17
GCA_922984935.2,Mammalia,Carnivora,Mammalia,Meles_meles,Eurasian_badger,9662,17
GCA_004115265.3,Mammalia,Chiroptera,Mammalia,Rhinolophus_ferrumequinum,greater_horseshoe_bat,59479,17
GCA_004126475.3,Mammalia,Chiroptera,Mammalia,Phyllostomus_discolor,pale_spear-nosed_bat,89673,25
GCA_022682495.1,Mammalia,Chiroptera,Mammalia,Desmodus_rotundus,common_vampire_bat,9430,8
GCA_027563665.1,Mammalia,Chiroptera,Mammalia,Antrozous_pallidus,pallid_bat,9440,18
GCA_027574615.1,Mammalia,Chiroptera,Mammalia,Eptesicus_fuscus,big_brown_bat,29078,28
GCA_028533065.1,Mammalia,Chiroptera,Mammalia,Trachops_cirrhosus,bats,148073,18
GCA_028533395.1,Mammalia,Chiroptera,Mammalia,Rousettus_madagascariensis,Madagascan_rousette,77223,13
GCA_028533765.1,Mammalia,Chiroptera,Mammalia,Pteropus_rufus,Malagasy_flying_fox,196297,14
GCA_028627145.1,Mammalia,Chiroptera,Mammalia,Eidolon_dupreanum,Malagasy_straw-colored_fruit_bat,58063,14
GCA_030015415.1,Mammalia,Chiroptera,Mammalia,Cynopterus_sphinx,Indian_short-nosed_fruit_bat,9400,15
GCA_903992545.1,Mammalia,Chiroptera,Mammalia,Pipistrellus_pipistrellus,common_pipistrelle,59474,35
GCA_951640355.1,Mammalia,Chiroptera,Mammalia,Eptesicus_nilssonii,northern_bat,59451,27
GCA_007646695.3,Mammalia,Dasyuromorphia,Mammalia,Thylacinus_cynocephalus,Tasmanian_wolf,9275,14
GCA_016432865.2,Mammalia,Dasyuromorphia,Mammalia,Antechinus_flavipes,yellow-footed_antechinus,38775,21
GCA_020854095.1,Mammalia,Dasyuromorphia,Mammalia,Dasyurus_viverrinus,eastern_quoll,9279,21
GCA_902635505.1,Mammalia,Dasyuromorphia,Mammalia,Sarcophilus_harrisii,Tasmanian_devil,9305,19
GCA_027409185.1,Mammalia,Dermoptera,Mammalia,Cynocephalus_volans,Philippine_flying_lemur,110931,18
GCA_016433145.1,Mammalia,Didelphimorphia,Mammalia,Gracilinanus_agilis,Agile_Gracile_Mouse_Opossum,191870,32
GCA_027887165.1,Mammalia,Didelphimorphia,Mammalia,Monodelphis_domestica,gray_short-tailed_opossum,13616,24
GCA_011100635.1,Mammalia,Diprotodontia,Mammalia,Trichosurus_vulpecula,common_brushtail,9337,44
GCA_028372415.1,Mammalia,Diprotodontia,Mammalia,Notamacropus_eugenii,tammar_wallaby,9315,36
GCA_028533205.1,Mammalia,Diprotodontia,Mammalia,Lagorchestes_hirsutus,rufous_hare-wallaby,65632,29
GCA_028583105.1,Mammalia,Diprotodontia,Mammalia,Macropus_fuliginosus,western_gray_kangaroo,9316,31
GCA_028626985.1,Mammalia,Diprotodontia,Mammalia,Vombatus_ursinus,common_wombat,29139,25
GCA_028627135.1,Mammalia,Diprotodontia,Mammalia,Pseudochirops_cupreus,coppery_ringtail_possum,37702,49
GCA_028627215.1,Mammalia,Diprotodontia,Mammalia,Macropus_giganteus,eastern_gray_kangaroo,9317,37
GCA_028646515.1,Mammalia,Diprotodontia,Mammalia,Pseudochirops_corinnae,golden_ringtail_possum,65629,44
GCA_028646575.1,Mammalia,Diprotodontia,Mammalia,Pseudocheirus_occidentalis,Western_ringtail_oppossum,656515,45
GCA_028646595.1,Mammalia,Diprotodontia,Mammalia,Phalanger_gymnotis,marsupials,65615,43
GCA_028658325.1,Mammalia,Diprotodontia,Mammalia,Potorous_gilbertii,Gilbert's_potoroo,173936,0
GCA_024139225.1,Mammalia,Eulipotyphla,Mammalia,Suncus_etruscus,white-toothed_pygmy_shrew,109475,29
GCA_027595985.1,Mammalia,Eulipotyphla,Mammalia,Sorex_araneus,European_shrew,42254,53
GCA_950295315.1,Mammalia,Eulipotyphla,Mammalia,Erinaceus_europaeus,western_European_hedgehog,9365,24
GCA_028571685.1,Mammalia,Hyracoidea,Mammalia,Heterohyrax_brucei,yellow-spotted_hyrax,77598,30
GCA_009760805.1,Mammalia,Lagomorpha,Mammalia,Lepus_timidus,Mountain_hare,62621,25
GCA_009806435.2,Mammalia,Lagomorpha,Mammalia,Oryctolagus_cuniculus,rabbit,9986,30
GCA_014633375.1,Mammalia,Lagomorpha,Mammalia,Ochotona_princeps,American_pika,9978,28
GCA_015711505.1,Mammalia,Lagomorpha,Mammalia,Sylvilagus_bachmani,brush_rabbit,365149,26
GCA_949820135.1,Mammalia,Lagomorpha,Mammalia,Sylvilagus_floridanus,eastern_cottontail,9988,31
GCA_019393635.1,Mammalia,Microbiotheria,Mammalia,Dromiciops_gliroides,monito_del_monte,33562,25
GCA_004115215.4,Mammalia,Monotremata,Mammalia,Ornithorhynchus_anatinus,platypus,9258,7
GCA_015852505.1,Mammalia,Monotremata,Mammalia,Tachyglossus_aculeatus,Australian_echidna,9261,3
GCA_002863925.1,Mammalia,Perissodactyla,Mammalia,Equus_caballus,horse,9796,24
GCA_016077325.2,Mammalia,Perissodactyla,Mammalia,Equus_asinus,ass,9793,23
GCA_020826845.1,Mammalia,Perissodactyla,Mammalia,Diceros_bicornis,black_rhinoceros,77932,27
GCA_021442165.1,Mammalia,Perissodactyla,Mammalia,Ceratotherium_simum,northern_white_rhinoceros,310713,27
GCA_021613505.1,Mammalia,Perissodactyla,Mammalia,Equus_quagga,plains_zebra,89248,24
GCA_028533255.1,Mammalia,Perissodactyla,Mammalia,Tapirus_terrestris,Brazilian_tapir,9801,18
GCA_028646465.1,Mammalia,Perissodactyla,Mammalia,Rhinoceros_unicornis,greater_Indian_rhinoceros,9809,22
GCA_030020395.1,Mammalia,Pholidota,Mammalia,Manis_pentadactyla,Chinese_pangolin,143292,2
GCA_015220235.1,Mammalia,Pilosa,Mammalia,Choloepus_didactylus,southern_two-toed_sloth,27675,8
GCA_023851605.1,Mammalia,Pilosa,Mammalia,Tamandua_tetradactyla,southern_tamandua,48850,6
GCA_000165445.3,Mammalia,Primates,Mammalia,Microcebus_murinus,gray_mouse_lemur,30608,24
GCA_000409795.2,Mammalia,Primates,Mammalia,Chlorocebus_sabaeus,green_monkey,60711,30
GCA_002776525.5,Mammalia,Primates,Mammalia,Piliocolobus_tephrosceles,Ugandan_red_Colobus,591936,22
GCA_003255815.1,Mammalia,Primates,Mammalia,Theropithecus_gelada,gelada,9565,28
GCA_003339765.3,Mammalia,Primates,Mammalia,Macaca_mulatta,Rhesus_monkey,9544,29
GCA_006542625.1,Mammalia,Primates,Mammalia,Nomascus_leucogenys,northern_white-cheeked_gibbon,61853,21
GCA_007565055.1,Mammalia,Primates,Mammalia,Rhinopithecus_roxellana,golden_snub-nosed_monkey,61622,24
GCA_008728515.2,Mammalia,Primates,Mammalia,Papio_anubis,olive_baboon,9555,29
GCA_011100555.2,Mammalia,Primates,Mammalia,Callithrix_jacchus,white-tufted-ear_marmoset,9483,23
GCA_012559485.3,Mammalia,Primates,Mammalia,Macaca_fascicularis,crab-eating_macaque,9541,29
GCA_014905855.1,Mammalia,Primates,Mammalia,Homo_sapiens,human,9606,23
GCA_020740605.1,Mammalia,Primates,Mammalia,Lemur_catta,Ring-tailed_lemur,9447,27
GCA_021498455.1,Mammalia,Primates,Mammalia,Colobus_guereza,mantled_guereza,33548,26
GCA_021498465.1,Mammalia,Primates,Mammalia,Hylobates_pileatus,pileated_gibbon,9589,22
GCA_021498475.1,Mammalia,Primates,Mammalia,Saguinus_midas,Midas_tamarin,30586,22
GCA_023898255.1,Mammalia,Primates,Mammalia,Nycticebus_bengalensis,Bengal_slow_loris,261741,20
GCA_024542745.1,Mammalia,Primates,Mammalia,Macaca_thibetana,Pere_David's_macaque,257877,0
GCA_026956025.1,Mammalia,Primates,Mammalia,Macaca_cyclopis,Taiwan_macaque,78449,28
GCA_027406575.1,Mammalia,Primates,Mammalia,Nycticebus_coucang,slow_loris,9470,22
GCA_028533085.1,Mammalia,Primates,Mammalia,Varecia_variegata,ruffed_lemur,9455,20
GCA_028533165.1,Mammalia,Primates,Mammalia,Leontopithecus_rosalia,golden_lion_tamarin,30588,21
GCA_028534055.1,Mammalia,Primates,Mammalia,Eulemur_mongoz,mongoose_lemur,34828,18
GCA_028551445.1,Mammalia,Primates,Mammalia,Miopithecus_talapoin,talapoin,36231,29
GCA_028551515.1,Mammalia,Primates,Mammalia,Pithecia_pithecia,white-faced_saki,43777,22
GCA_028627265.1,Mammalia,Primates,Mammalia,Cercopithecus_mitis,blue_monkey,36225,25
GCA_028645565.1,Mammalia,Primates,Mammalia,Papio_papio,Guinea_baboon,100937,31
GCA_028858775.1,Mammalia,Primates,Mammalia,Pan_troglodytes,chimpanzee,9598,26
GCA_028878055.1,Mammalia,Primates,Mammalia,Symphalangus_syndactylus,siamang,9590,22
GCA_028885625.1,Mammalia,Primates,Mammalia,Pongo_pygmaeus,Bornean_orangutan,9600,26
GCA_028885655.1,Mammalia,Primates,Mammalia,Pongo_abelii,Sumatran_orangutan,9601,24
GCA_029281585.1,Mammalia,Primates,Mammalia,Gorilla_gorilla,western_lowland_gorilla,9595,25
GCA_029289425.1,Mammalia,Primates,Mammalia,Pan_paniscus,pygmy_chimpanzee,9597,24
GCA_024166365.1,Mammalia,Proboscidea,Mammalia,Elephas_maximus,Asiatic_elephant,99487,21
GCA_030014295.1,Mammalia,Proboscidea,Mammalia,Loxodonta_africana,African_savanna_elephant,9785,22
GCA_000001635.9,Mammalia,Rodentia,Mammalia,Mus_musculus,house_mouse,10090,35
GCA_000317375.1,Mammalia,Rodentia,Mammalia,Microtus_ochrogaster,prairie_vole,79684,43
GCA_003668045.2,Mammalia,Rodentia,Mammalia,Cricetulus_griseus,Chinese_hamster,10029,35
GCA_003704035.3,Mammalia,Rodentia,Mammalia,Peromyscus_maniculatus,prairie_deer_mouse,230844,35
GCA_003704135.2,Mammalia,Rodentia,Mammalia,Peromyscus_polionotus,oldfield_mouse,369710,31
GCA_004664715.2,Mammalia,Rodentia,Mammalia,Peromyscus_leucopus,white-footed_mouse,10041,33
GCA_008632895.1,Mammalia,Rodentia,Mammalia,Mastomys_coucha,southern_multimammate_mouse,35658,31
GCA_011064425.1,Mammalia,Rodentia,Mammalia,Rattus_rattus,black_rat,10117,37
GCA_011762505.1,Mammalia,Rodentia,Mammalia,Arvicanthis_niloticus,Nile_rat,61156,39
GCA_015227675.2,Mammalia,Rodentia,Mammalia,Rattus_norvegicus,Norway_rat,10116,36
GCA_015741225.1,Mammalia,Rodentia,Mammalia,Hydrochoerus_hydrochaeris,capybara,10149,31
GCA_016881025.1,Mammalia,Rodentia,Mammalia,Ictidomys_tridecemlineatus,thirteen-lined_ground_squirrel,43179,19
GCA_020740685.1,Mammalia,Rodentia,Mammalia,Jaculus_jaculus,lesser_Egyptian_jerboa,51337,26
GCA_023159225.1,Mammalia,Rodentia,Mammalia,Perognathus_longimembris,Pacific_pocket_mouse,214514,26
GCA_023856395.1,Mammalia,Rodentia,Mammalia,Phodopus_sungorus,rodents,10044,31
GCA_025594165.1,Mammalia,Rodentia,Mammalia,Tamias_sibiricus,Siberian_chipmunk,64680,20
GCA_028451465.1,Mammalia,Rodentia,Mammalia,Erethizon_dorsatum,North_American_porcupine,34844,27
GCA_028534165.1,Mammalia,Rodentia,Mammalia,Coendou_prehensilis,rodents,187985,25
GCA_028551405.1,Mammalia,Rodentia,Mammalia,Uromys_caudimaculatus,giant_uromys,36800,36
GCA_028644305.1,Mammalia,Rodentia,Mammalia,Xerus_rutilus,unstriped_ground_squirrel,226860,18
GCA_028658305.1,Mammalia,Rodentia,Mammalia,Pachyuromys_duprasi,fat-tailed_gerbil,298894,27
GCA_029890205.1,Mammalia,Rodentia,Mammalia,Acomys_cahirinus,Egyptian_spiny_mouse,10068,30
GCA_900094665.2,Mammalia,Rodentia,Mammalia,Mus_caroli,Ryukyu_mouse,10089,36
GCA_900095145.2,Mammalia,Rodentia,Mammalia,Mus_pahari,shrew_mouse,10093,36
GCA_902686445.2,Mammalia,Rodentia,Mammalia,Sciurus_carolinensis,gray_squirrel,30640,27
GCA_902686455.2,Mammalia,Rodentia,Mammalia,Sciurus_vulgaris,Eurasian_red_squirrel,55149,25
GCA_903992535.2,Mammalia,Rodentia,Mammalia,Arvicola_amphibius,Eurasian_water_vole,1047088,45
GCA_903995425.1,Mammalia,Rodentia,Mammalia,Onychomys_torridus,southern_grasshopper_mouse,38674,33
GCA_903995435.1,Mammalia,Rodentia,Mammalia,Acomys_russatus,golden_spiny_mouse,60746,32
GCA_907164435.1,Mammalia,Rodentia,Mammalia,Acomys_dimidiatus,rodents,60744,30
GCA_907164505.1,Mammalia,Rodentia,Mammalia,Acomys_kempi,Kemp's_spiny_mouse,83762,0
GCA_907169655.1,Mammalia,Rodentia,Mammalia,Acomys_percivali,Percival's_spiny_mouse,83527,0
GCA_921997135.2,Mammalia,Rodentia,Mammalia,Mus_spretus,western_wild_mouse,10096,35
GCA_944319715.1,Mammalia,Rodentia,Mammalia,Heterocephalus_glaber,naked_mole-rat,10181,19
GCA_947179515.1,Mammalia,Rodentia,Mammalia,Apodemus_sylvaticus,European_woodmouse,10129,38
GCA_949786385.1,Mammalia,Rodentia,Mammalia,Onychomys_leucogaster,northern_grasshopper_mouse,38668,35
GCA_949786405.1,Mammalia,Rodentia,Mammalia,Onychomys_arenicola,Chihuahuan_grasshopper_mouse,38679,35
GCA_949786415.1,Mammalia,Rodentia,Mammalia,Peromyscus_eremicus,cactus_mouse,42410,39
GCA_030035585.1,Mammalia,Sirenia,Mammalia,Dugong_dugon,dugong,29137,11